{"classes":{"m":0.5646564415535748,"f":0.43534355844642525},"frequencies":{"m":{"ll":{"с":0.060393458165442046,"ш":0.01417397487556293,"и":0.06556055937425931,"л":0.04911116378288694,"з":0.01374733349134866,"р":0.10917278976060678,"м":0.033135814173974876,"к":0.049727423560085325,"н":0.17658212846646124,"т":0.06461246740933871,"п":0.007774354112348898,"ф":0.01090305759658687,"е":0.013178478312396302,"у":0.006162597771983883,"б":0.01104527139132496,"ь":0.018630007110689736,"д":0.0438018487793316,"й":0.09547286086750414,"а":0.051623607489926525,"ч":0.00346053567196018,"о":0.0423797108319507,"х":0.011661531168523347,"в":0.016733823180848543,"г":0.010191988622896421,"я":0.009338705854467883,"ы":0.0036027494666982696,"ц":0.0027494666982697323,"ё":0.00018961839298411946,"ж":0.003223512680730031,"э":0.0004266413842142688,"ю":0.0008532827684285376,"щ":0.00033183218772220904,"ъ":0.000047404598246029865},"fl":{"а":0.13552974638539939,"б":0.06755155250059255,"в":0.052382081061863,"г":0.04588765110215691,"д":0.06688788812514813,"е":0.022327565773880065,"ж":0.008058781701825076,"з":0.019767717468594452,"и":0.033846883147665326,"й":0.004835269021095046,"к":0.06731452950936241,"л":0.026025124437070397,"м":0.07489926522872718,"н":0.02744726238445129,"о":0.020526191040530932,"п":0.034178715335387536,"р":0.03797108319506992,"с":0.06437544441810855,"т":0.040293908509125384,"у":0.014790234652761318,"ф":0.032187722209054276,"х":0.031950699217824126,"ц":0.0036027494666982696,"ч":0.010429011614126571,"ш":0.016970846172078693,"щ":0.00047404598246029864,"ы":0.000711068973690448,"э":0.02123726001422138,"ю":0.007158094335150509,"я":0.010381607015880541},"sl":{"а":0.2572647546812041,"б":0.012514813936951884,"в":0.026167338231808484,"г":0.009907561033420241,"д":0.012799241526428064,"е":0.10860393458165442,"ж":0.01815596112822944,"з":0.008817255273761555,"и":0.09405072292012326,"й":0.006447025361460062,"к":0.01393695188433278,"л":0.062242237497037216,"м":0.01422137947380896,"н":0.027020621000237024,"п":0.006778857549182271,"р":0.06940033183218772,"с":0.019530694477364306,"т":0.01426878407205499,"у":0.07537331121118748,"ф":0.005451528798293435,"х":0.005735956387769614,"ц":0.00023702299123014932,"ч":0.0012325195543967764,"ш":0.0036027494666982696,"ь":0.002796871296515762,"э":0.020052145058070632,"ю":0.004503436833372837,"я":0.0029864896894998814,"ё":0.001753970135103105,"о":0.0912538516236075,"ы":0.002796871296515762,"щ":0.000047404598246029865,"ъ":0.000047404598246029865}},"f":{"ll":{"а":0.5171544515494343,"л":0.020351696999508118,"м":0.01014510575504181,"ш":0.004734382685686178,"я":0.14074028529267094,"и":0.07827102803738317,"у":0.00866945400885391,"е":0.02029021151008362,"ь":0.017523364485981307,"т":0.02705361534677816,"о":0.010391047712739793,"н":0.050479586817511066,"р":0.021581406787998032,"в":0.0008607968519429415,"й":0.00866945400885391,"ф":0.0016601082144613872,"к":0.012481554353172651,"з":0.007808657156910969,"с":0.01826119035907526,"г":0.0030127889818002953,"э":0.00264387604525332,"б":0.002397934087555337,"д":0.00793162813575996,"п":0.0006148548942449582,"ы":0.0014141662567634038,"ж":0.0009222823413674373,"ч":0.0011682242990654205,"ю":0.0006148548942449582,"х":0.0018445646827348746,"ц":0.00006148548942449582,"ё":0.00012297097884899163,".":0.00006148548942449582,"щ":0.00006148548942449582},"fl":{"а":0.12838170191834727,"б":0.04248647319232661,"в":0.03787506148548942,"г":0.047036399409739305,"д":0.07187653713723562,"е":0.01893753074274471,"ж":0.012666010821446139,"з":0.02545499262174127,"и":0.032402852926709295,"й":0.0027053615346778162,"к":0.06867929168716183,"л":0.046237088047220855,"м":0.08288243974422037,"н":0.04076487948844073,"о":0.01457206099360551,"п":0.02809886866699459,"р":0.04156419085095917,"с":0.0633300541072307,"т":0.03615346778160354,"у":0.00854648303000492,"ф":0.03615346778160354,"х":0.028467781603541565,"ц":0.005533694048204624,"ч":0.00909985243482538,"ш":0.02459419576979833,"щ":0.0003689129365469749,"ы":0.0003689129365469749,"э":0.02766847024102312,"ю":0.00750122970978849,"я":0.009591736350221348},"sl":{"а":0.27619281849483523,"б":0.006148548942449582,"в":0.023118544023610427,"г":0.011497786522380718,"д":0.013280865715691098,"е":0.1074151500245942,"ж":0.024471224790949337,"з":0.008853910477127398,"и":0.10766109198229218,"й":0.01162075750122971,"к":0.01119035907525824,"л":0.06228480078701427,"м":0.015371372356123954,"н":0.03480078701426463,"п":0.004611411706837186,"р":0.05712001967535662,"с":0.017154451549434332,"т":0.009038366945400885,"у":0.07249139203148057,"ф":0.00750122970978849,"х":0.0032587309394982783,"ц":0.0003689129365469749,"ч":0.0005533694048204624,"ш":0.0022134776192818495,"э":0.0205976389572061,"ю":0.00909985243482538,"я":0.003074274471224791,"ё":0.0007993113625184456,"о":0.07341367437284801,"ъ":0.00012297097884899163,"ы":0.002459419576979833,"ь":0.0022134776192818495}}},"samplesCount":37359}